permalink,api_path,web_path,api_url,first_name,last_name,gender,title,organization_permalink,organization_api_path,organization_web_path,organization_name,profile_image_url,homepage_url,facebook_url,twitter_url,linkedin_url,city_name,region_name,country_code,created_at,updated_at
savvas-bout,people/savvas-bout,person/savvas-bout,https://api.crunchbase.com/v3.1/people/savvas-bout,Savvas,Bout,Male,,,organizations/,organization/,,http://public.crunchbase.com/t_api_images/egwze1mkqugzcldketvg,,,,,,,,1598871717,1598871717
james-a-collins,people/james-a-collins,person/james-a-collins,https://api.crunchbase.com/v3.1/people/james-a-collins,James,A. Collins,Male,,,organizations/,organization/,,,,,,,,,,1598871476,1598871476
ben-brussen,people/ben-brussen,person/ben-brussen,https://api.crunchbase.com/v3.1/people/ben-brussen,Ben,Brussen,Male,,,organizations/,organization/,,http://public.crunchbase.com/t_api_images/xaxvxp0a82t5gldjvgpc,,,,,,,,1598871476,1598871476
nicholas-hill-dc21,people/nicholas-hill-dc21,person/nicholas-hill-dc21,https://api.crunchbase.com/v3.1/people/nicholas-hill-dc21,Nicholas,Hill,Male,,,organizations/,organization/,,,,,,https://www.linkedin.com/in/nicholas-hill-69694925/,Bend,Oregon,United States,1598871222,1598871222
shaurya-poddar,people/shaurya-poddar,person/shaurya-poddar,https://api.crunchbase.com/v3.1/people/shaurya-poddar,Shaurya,Poddar,Male,,,organizations/,organization/,,,,,,,,,,1598871214,1598871214
godelef-kühl,people/godelef-kühl,person/godelef-kühl,https://api.crunchbase.com/v3.1/people/godelef-kühl,Godelef,Kühl,Male,,,organizations/,organization/,,,,,,,,,,1598871188,1598871188
jean-christophe-bouglé,people/jean-christophe-bouglé,person/jean-christophe-bouglé,https://api.crunchbase.com/v3.1/people/jean-christophe-bouglé,Jean-Christophe,Bouglé,Male,,,organizations/,organization/,,http://public.crunchbase.com/t_api_images/mogd2p65trq05keavagx,,,,https://www.linkedin.com/in/jeanchristophebougle/,,,,1598871146,1598871146
sophie-normand,people/sophie-normand,person/sophie-normand,https://api.crunchbase.com/v3.1/people/sophie-normand,Sophie,Normand,Female,,,organizations/,organization/,,http://public.crunchbase.com/t_api_images/bbfql5n6dfjwt0nvrwfc,,,,https://www.linkedin.com/in/sophienormand/,,,,1598871146,1598871146
matthew-davis-5e60,people/matthew-davis-5e60,person/matthew-davis-5e60,https://api.crunchbase.com/v3.1/people/matthew-davis-5e60,Matthew,Davis,Male,,,organizations/,organization/,,http://public.crunchbase.com/t_api_images/boc2ybdj6jwcbhsumd4d,http://matthewdavis.net/,https://www.facebook.com/profile.php?id=100053816709672,https://twitter.com/immatthew_davis?lang=en,https://www.linkedin.com/in/matthew-davis-93460a1b2/,,,,1596131940,1598884511
jean-philippe-persico,people/jean-philippe-persico,person/jean-philippe-persico,https://api.crunchbase.com/v3.1/people/jean-philippe-persico,Jean-Philippe,Persico,Male,,,organizations/,organization/,,http://public.crunchbase.com/t_api_images/h9sla2jbfo2xgao7m5lc,,,https://twitter.com/schafi_jp,https://www.linkedin.com/in/jppersico,Chicago,Illinois,United States,1598884470,1598884470
byron-giles,people/byron-giles,person/byron-giles,https://api.crunchbase.com/v3.1/people/byron-giles,Byron,Giles,Male,Founder & Senior Operations Director,certificationpoint,organizations/certificationpoint,organization/certificationpoint,CertificationPoint,http://public.crunchbase.com/t_api_images/cdwqy3uggoz2xyb2nk1l,http://www.certificationpoint.org,,http://twitter.com/bgiles23,https://www.linkedin.com/in/byron-giles-43199741,,Nevada,United States,1389939570,1598884277
hugo-maestá,people/hugo-maestá,person/hugo-maestá,https://api.crunchbase.com/v3.1/people/hugo-maestá,Hugo,Maestá,Male,,,organizations/,organization/,,http://public.crunchbase.com/t_api_images/epjay9ka5fctqintg7to,,,,https://www.linkedin.com/in/hugomaesta/,Florianópolis,Santa Catarina,Brazil,1598883863,1598884015
rinat-latypov,people/rinat-latypov,person/rinat-latypov,https://api.crunchbase.com/v3.1/people/rinat-latypov,Rinat,Latypov,Male,,,organizations/,organization/,,http://public.crunchbase.com/t_api_images/ccdq8di7wurosvt3rxjk,,https://www.facebook.com/latypov.r.r/,,https://www.linkedin.com/in/rinatlatypov/,,Samara,Russian Federation,1598883514,1598883838
liz-maslakova,people/liz-maslakova,person/liz-maslakova,https://api.crunchbase.com/v3.1/people/liz-maslakova,Liz,Maslakova,,,,organizations/,organization/,,http://public.crunchbase.com/t_api_images/wizjw46vck8omndkifa0,,,,,London,England,United Kingdom,1598883537,1598883537
william-rufino,people/william-rufino,person/william-rufino,https://api.crunchbase.com/v3.1/people/william-rufino,William,Rufino,Male,Co-Founder,convertpack,organizations/convertpack,organization/convertpack,Convertpack,http://public.crunchbase.com/t_api_images/v1474705640/srnguywyyxmtr2mtzoos.png,http://www.williamrufino.com.br,https://www.facebook.com/williamrufinobr/,http://twitter.com/williamhrs,https://www.linkedin.com/in/williamrufino,Belo Horizonte,Minas Gerais,Brazil,1323405731,1598883526
christian-siemoneit,people/christian-siemoneit,person/christian-siemoneit,https://api.crunchbase.com/v3.1/people/christian-siemoneit,Christian,Siemoneit,Male,Managing Director,soleria-capital,organizations/soleria-capital,organization/soleria-capital,Soleria Capital,http://public.crunchbase.com/t_api_images/zgiza7ay1tnylkpvw6rf,http://www.soleriacapital.com,,https://twitter.com/CHRIST1AN7,https://www.linkedin.com/in/christian-siemoneit/,Munich,Bayern,Germany,1524091942,1598883365
alican-soysal,people/alican-soysal,person/alican-soysal,https://api.crunchbase.com/v3.1/people/alican-soysal,Alican,Soysal,Male,,,organizations/,organization/,,http://public.crunchbase.com/t_api_images/rxplmfjqfwjahmxedfwj,,,,https://www.linkedin.com/in/alicansoysal,,,,1598883007,1598883133
mesut-mert,people/mesut-mert,person/mesut-mert,https://api.crunchbase.com/v3.1/people/mesut-mert,Mesut,Mert,Male,,,organizations/,organization/,,http://public.crunchbase.com/t_api_images/blpufcxferfs0nu0ufxv,,,,https://www.linkedin.com/in/mesutmertrateforkurucu97btioyo/,,,,1598883007,1598883078
brady-harris,people/brady-harris,person/brady-harris,https://api.crunchbase.com/v3.1/people/brady-harris,Brady,Harris,Male,CEO,dwolla,organizations/dwolla,organization/dwolla,Dwolla,http://public.crunchbase.com/t_api_images/noaeolqrhehy2u6ucshj,https://www.dwolla.com/,,https://twitter.com/dwollabrady,https://www.linkedin.com/in/brady-harris/,Des Moines,Iowa,United States,1598651637,1598881462
christian-resch,people/christian-resch,person/christian-resch,https://api.crunchbase.com/v3.1/people/christian-resch,Christian,Resch,Male,"Managing Director, Special Situations Group",goldman-sachs,organizations/goldman-sachs,organization/goldman-sachs,Goldman Sachs,,,,,https://www.linkedin.com/in/christian-resch-b9a1a146/,London,England,United Kingdom,1518693039,1598881375
molly-fienning,people/molly-fienning,person/molly-fienning,https://api.crunchbase.com/v3.1/people/molly-fienning,Molly,Fienning,Female,Co-Founder & CEO,red-clay-hot-sauce,organizations/red-clay-hot-sauce,organization/red-clay-hot-sauce,Red Clay Hot Sauce,http://public.crunchbase.com/t_api_images/uxac6ubdshid6hj9d0lx,,,,https://www.linkedin.com/pub/molly-fienning/37/892/327,New York,New York,United States,1434343378,1598881079
lucas-noldus,people/lucas-noldus,person/lucas-noldus,https://api.crunchbase.com/v3.1/people/lucas-noldus,Lucas,Noldus,Male,,,organizations/,organization/,,http://public.crunchbase.com/t_api_images/m6uh4mmrskfj5adq6xx2,,,,http://www.linkedin.com/in/lucasnoldus,Wageningen,Gelderland,The Netherlands,1598880906,1598880906
dr-tasaria-bettis,people/dr-tasaria-bettis,person/dr-tasaria-bettis,https://api.crunchbase.com/v3.1/people/dr-tasaria-bettis,Tasaria,Bettis Ed.D.,Male,,,organizations/,organization/,,http://public.crunchbase.com/t_api_images/jzpsvqdxpp3qkfthbnln,http://www.drtasariabettis.com,,https://twitter.com/Bettis_EdD,https://www.linkedin.com/in/drtbettis/,Dayton,Ohio,United States,1597859398,1598880469
hannes-plinte,people/hannes-plinte,person/hannes-plinte,https://api.crunchbase.com/v3.1/people/hannes-plinte,Hannes,Plinte,Male,CEO,goswift,organizations/goswift,organization/goswift,GoSwift,http://public.crunchbase.com/t_api_images/ctoguxryiue5iewfbcbl,,,,https://www.linkedin.com/in/hannesplinte/,Tallinn,Harjumaa,Estonia,1419504066,1598879910
geneviève-bouthillier,people/geneviève-bouthillier,person/geneviève-bouthillier,https://api.crunchbase.com/v3.1/people/geneviève-bouthillier,Geneviève,Bouthillier,,,,organizations/,organization/,,,,,,,,,,1598879745,1598879745
bernadette-aulestia,people/bernadette-aulestia,person/bernadette-aulestia,https://api.crunchbase.com/v3.1/people/bernadette-aulestia,Bernadette,Aulestia,Female,,,organizations/,organization/,,http://public.crunchbase.com/t_api_images/mjifrrm5sakysdr1bynj,,,https://twitter.com/BernyAulestia,http://linkedin.com/in/bernadetteaulestia,New York,New York,United States,1598879214,1598879214
ullekh-niraula,people/ullekh-niraula,person/ullekh-niraula,https://api.crunchbase.com/v3.1/people/ullekh-niraula,Ullekh,Niraula,Male,,,organizations/,organization/,,http://public.crunchbase.com/t_api_images/vhtpxfwrllvjxaptg78u,,,,https://www.linkedin.com/in/ullekh-niraula-b46091115,,,,1598879180,1598879180
leon-kraversky,people/leon-kraversky,person/leon-kraversky,https://api.crunchbase.com/v3.1/people/leon-kraversky,Leon,Kraversky,Male,,,organizations/,organization/,,http://public.crunchbase.com/t_api_images/nbr3ykcl5pgb4cjsn5ee,https://www.soltell.com,,https://twitter.com/leonkraversky,https://www.linkedin.com/in/leonkraversky/,Ra'anana,HaMerkaz,Israel,1541597196,1598879070
sebastián-ferreras,people/sebastián-ferreras,person/sebastián-ferreras,https://api.crunchbase.com/v3.1/people/sebastián-ferreras,Sebastián,Ferreras,,,,organizations/,organization/,,,,,,,,,,1598878815,1598878815
juan-ferreras,people/juan-ferreras,person/juan-ferreras,https://api.crunchbase.com/v3.1/people/juan-ferreras,Juan,Ferreras,Male,,,organizations/,organization/,,,,,,,,,,1598878815,1598878815
ishaan-seth,people/ishaan-seth,person/ishaan-seth,https://api.crunchbase.com/v3.1/people/ishaan-seth,Ishaan,Seth,Male,,,organizations/,organization/,,http://public.crunchbase.com/t_api_images/xzasxd95cuusvrneyv7d,https://www.qwikfone.com/,,,,London,England,United Kingdom,1588338190,1598878735
sergio-fogel-efad,people/sergio-fogel-efad,person/sergio-fogel-efad,https://api.crunchbase.com/v3.1/people/sergio-fogel-efad,Sergio,Fogel,,,,organizations/,organization/,,,,,,,,,,1598878516,1598878516
prahalathan-kk,people/prahalathan-kk,person/prahalathan-kk,https://api.crunchbase.com/v3.1/people/prahalathan-kk,Prahalathan,KK,Male,,,organizations/,organization/,,,,,,,,,,1598878313,1598878313
ayyanar-e,people/ayyanar-e,person/ayyanar-e,https://api.crunchbase.com/v3.1/people/ayyanar-e,Ayyanar,E,Male,,,organizations/,organization/,,,,,,,,,,1598878313,1598878313
hari-sankar,people/hari-sankar,person/hari-sankar,https://api.crunchbase.com/v3.1/people/hari-sankar,Hari,Sankar,Male,,,organizations/,organization/,,,,,,,,,,1598878313,1598878313
balendran-thavarajah,people/balendran-thavarajah,person/balendran-thavarajah,https://api.crunchbase.com/v3.1/people/balendran-thavarajah,Balendran,Thavarajah,Male,Founder and CEO of Get Mee,get-mee,organizations/get-mee,organization/get-mee,Get Mee,http://public.crunchbase.com/t_api_images/v1496137127/ginkkze4ucva1hlkipce.png,https://getmee.ai,,https://twitter.com/balendran,http://au.linkedin.com/in/balatry,Melbourne,Victoria,Australia,1386683014,1598878117
daniel-reilly-2,people/daniel-reilly-2,person/daniel-reilly-2,https://api.crunchbase.com/v3.1/people/daniel-reilly-2,Daniel,Reilly,Male,Vice President Sales,bemyeye,organizations/bemyeye,organization/bemyeye,BeMyEye,http://public.crunchbase.com/t_api_images/k2bem7pjaa7meq98ow92,,,,https://www.linkedin.com/in/dancreilly/,London,England,United Kingdom,1433438411,1598877998
max-de-groen,people/max-de-groen,person/max-de-groen,https://api.crunchbase.com/v3.1/people/max-de-groen,Max,de Groen,,,,organizations/,organization/,,http://public.crunchbase.com/t_api_images/br1szhkcma8adkgrwumo,,,,https://www.linkedin.com/in/max-de-groen-5b81b34a/,Boston,Massachusetts,United States,1598877656,1598877656
alexander-ehlgen,people/alexander-ehlgen,person/alexander-ehlgen,https://api.crunchbase.com/v3.1/people/alexander-ehlgen,Alexander,Ehlgen,,,,organizations/,organization/,,http://public.crunchbase.com/t_api_images/kpez6pnxhq5bq5lht8cc,,,,https://www.linkedin.com/in/alexander-ehlgen-338a4b/,Ulm,Baden-Wurttemberg,Germany,1598877272,1598877272
marius-rønnov,people/marius-rønnov,person/marius-rønnov,https://api.crunchbase.com/v3.1/people/marius-rønnov,Marius,Rønnov,Male,,,organizations/,organization/,,,,,,https://www.linkedin.com/in/marius-r-261b0310b/,Toronto,Ontario,Canada,1598877206,1598877206
rushal-patel,people/rushal-patel,person/rushal-patel,https://api.crunchbase.com/v3.1/people/rushal-patel,Rushal,Patel,Male,,,organizations/,organization/,,http://public.crunchbase.com/t_api_images/wxo4nz16ggk0vrtflf8t,,,https://twitter.com/patelrushal,https://www.linkedin.com/in/rushal/,San Francisco,California,United States,1598877150,1598877150
mike-curb-e3e6,people/mike-curb-e3e6,person/mike-curb-e3e6,https://api.crunchbase.com/v3.1/people/mike-curb-e3e6,Mike,Curb,Male,,,organizations/,organization/,,,,,,,,,,1598877108,1598877108
subrata-poddar,people/subrata-poddar,person/subrata-poddar,https://api.crunchbase.com/v3.1/people/subrata-poddar,Subrata,Poddar,Male,,,organizations/,organization/,,,,,,,,,,1598876760,1598876760
william-f-abell,people/william-f-abell,person/william-f-abell,https://api.crunchbase.com/v3.1/people/william-f-abell,William,F.Abell,Male,,,organizations/,organization/,,,,,,,,,,1598876688,1598876688
jan-m-gerbracht,people/jan-m-gerbracht,person/jan-m-gerbracht,https://api.crunchbase.com/v3.1/people/jan-m-gerbracht,Jan,M.Gerbracht,Male,,,organizations/,organization/,,,,,,,,,,1598876688,1598876688
pulak-chakraborty,people/pulak-chakraborty,person/pulak-chakraborty,https://api.crunchbase.com/v3.1/people/pulak-chakraborty,Pulak,Chakraborty,Male,,,organizations/,organization/,,,http://www.nexxusstudios.com/,https://www.facebook.com/iampulakchakraborty/,https://twitter.com/itsmePulak,https://www.linkedin.com/in/pulakchakraborty/,,,,1598876637,1598876637
jeffrey-lee-89ef,people/jeffrey-lee-89ef,person/jeffrey-lee-89ef,https://api.crunchbase.com/v3.1/people/jeffrey-lee-89ef,Jeffrey,Lee,Male,,,organizations/,organization/,,,,,,https://www.linkedin.com/in/jeffsawyerlee/,Toronto,Ontario,Canada,1598876450,1598876450
don-r-yance,people/don-r-yance,person/don-r-yance,https://api.crunchbase.com/v3.1/people/don-r-yance,Don,R. Yance,Male,,,organizations/,organization/,,,,,,,,,,1598876394,1598876394
ian-logan,people/ian-logan,person/ian-logan,https://api.crunchbase.com/v3.1/people/ian-logan,Ian,Logan,Male,,,organizations/,organization/,,http://public.crunchbase.com/t_api_images/j8gppakmle77ocdjvcs5,https://www.roserocket.com/,http://www.facebook.com/albert.ian.logan,http://twitter.com/albertianlogan,http://www.linkedin.com/in/albertianlogan,Toronto,Ontario,Canada,1399490993,1598876270
geoff-stapleton,people/geoff-stapleton,person/geoff-stapleton,https://api.crunchbase.com/v3.1/people/geoff-stapleton,Geoff,Stapleton,Male,,,organizations/,organization/,,http://public.crunchbase.com/t_api_images/yqla5isdwlboqel3npph,,,,https://www.linkedin.com/in/geoff-stapleton-44641428/,,,,1598876193,1598876193
nishit-dayal-9c20,people/nishit-dayal-9c20,person/nishit-dayal-9c20,https://api.crunchbase.com/v3.1/people/nishit-dayal-9c20,Nishit,Dayal,Male,,,organizations/,organization/,,http://public.crunchbase.com/t_api_images/wavlleei0gqxmvy7x1vp,,,,https://www.linkedin.com/in/nishit-dayal-5a5a0214/,,,,1598876074,1598876074
laurent-burdin,people/laurent-burdin,person/laurent-burdin,https://api.crunchbase.com/v3.1/people/laurent-burdin,Laurent,Burdin,Male,,,organizations/,organization/,,http://public.crunchbase.com/t_api_images/zukfkntqdebivcs9tlb3,,,,https://www.linkedin.com/in/burdin/?originalSubdomain=de,Hamburg,Hamburg,Germany,1598875840,1598875840
bhavesh-prataprai-gandhi,people/bhavesh-prataprai-gandhi,person/bhavesh-prataprai-gandhi,https://api.crunchbase.com/v3.1/people/bhavesh-prataprai-gandhi,Bhavesh,Prataprai Gandhi,Male,,,organizations/,organization/,,,,,,,,,,1598875716,1598875716
nikhil-prataprai-gandhi,people/nikhil-prataprai-gandhi,person/nikhil-prataprai-gandhi,https://api.crunchbase.com/v3.1/people/nikhil-prataprai-gandhi,Nikhil,Prataprai Gandhi,Male,,,organizations/,organization/,,,,,,,,,,1598875716,1598875716
matan-hazanov,people/matan-hazanov,person/matan-hazanov,https://api.crunchbase.com/v3.1/people/matan-hazanov,Matan,Hazanov,,,,organizations/,organization/,,http://public.crunchbase.com/t_api_images/j295xnhaprepzyikamyl,,,,https://www.linkedin.com/in/matan-hazanov-a9755416/?originalSubdomain=ca,,,Canada,1598875484,1598875484
diogo-capela,people/diogo-capela,person/diogo-capela,https://api.crunchbase.com/v3.1/people/diogo-capela,Diogo,Capela,Male,,,organizations/,organization/,,http://public.crunchbase.com/t_api_images/lnk2qfnerjsizjkgssl2,https://diogocapela.com,https://facebook.com/diogocapela,https://twitter.com/diogocapela,https://linkedin.com/in/diogocapela,,,Portugal,1512171921,1598875470
marti-morenings,people/marti-morenings,person/marti-morenings,https://api.crunchbase.com/v3.1/people/marti-morenings,Marti,Morenings,Male,,,organizations/,organization/,,,,,,,,,,1598875454,1598875454
g-morenings,people/g-morenings,person/g-morenings,https://api.crunchbase.com/v3.1/people/g-morenings,G.,Morenings,Male,,,organizations/,organization/,,,,,,,,,,1598875454,1598875454
michael-ritter-658c,people/michael-ritter-658c,person/michael-ritter-658c,https://api.crunchbase.com/v3.1/people/michael-ritter-658c,Michael,Ritter,Male,,,organizations/,organization/,,,,,,,,,,1598875296,1598875296
faheem-mumtaz,people/faheem-mumtaz,person/faheem-mumtaz,https://api.crunchbase.com/v3.1/people/faheem-mumtaz,Faheem,Mumtaz,Male,,,organizations/,organization/,,,,,,https://www.linkedin.com/in/faheem-mumtaz-27bab8105/,,,,1598874905,1598874905
david-gal-d283,people/david-gal-d283,person/david-gal-d283,https://api.crunchbase.com/v3.1/people/david-gal-d283,David,Gal,Male,,,organizations/,organization/,,,,,,,,,,1598874401,1598874401
wu-yiling,people/wu-yiling,person/wu-yiling,https://api.crunchbase.com/v3.1/people/wu-yiling,Wu,Yiling,Male,,,organizations/,organization/,,,,,,,,,,1598874141,1598874141
joel-colombo,people/joel-colombo,person/joel-colombo,https://api.crunchbase.com/v3.1/people/joel-colombo,Joel,Colombo,Male,,,organizations/,organization/,,,,,,,,,,1598874121,1598874121
sivakarthikeyan-velayutham,people/sivakarthikeyan-velayutham,person/sivakarthikeyan-velayutham,https://api.crunchbase.com/v3.1/people/sivakarthikeyan-velayutham,Sivakarthikeyan,Velayutham,,,,organizations/,organization/,,http://public.crunchbase.com/t_api_images/lcvsms22fqnpvxtdpyww,,,,https://www.linkedin.com/in/sivakarthikeyanv/,Bengaluru,Karnataka,India,1598873911,1598873911
joe-mastrianni,people/joe-mastrianni,person/joe-mastrianni,https://api.crunchbase.com/v3.1/people/joe-mastrianni,Joe,Mastrianni,Male,,,organizations/,organization/,,,,,,https://www.linkedin.com/in/joe-mastrianni-38597515/,Saratoga Springs,New York,United States,1598873673,1598873673
richard-burrell-c4da,people/richard-burrell-c4da,person/richard-burrell-c4da,https://api.crunchbase.com/v3.1/people/richard-burrell-c4da,Richard,Burrell,Male,,,organizations/,organization/,,http://public.crunchbase.com/t_api_images/lwdrc8dyrche9kbnfn10,,,,,,,,1598873667,1598873667
stefan-hantke,people/stefan-hantke,person/stefan-hantke,https://api.crunchbase.com/v3.1/people/stefan-hantke,Stefan,Hantke,,,,organizations/,organization/,,http://public.crunchbase.com/t_api_images/x0oi6rgg3rmi4gdv7ehm,,,,,,,,1598873638,1598873638
john-keenan-7cdc,people/john-keenan-7cdc,person/john-keenan-7cdc,https://api.crunchbase.com/v3.1/people/john-keenan-7cdc,John,Keenan,Male,,,organizations/,organization/,,,,,,,,,,1598873637,1598873637
anthony-lane,people/anthony-lane,person/anthony-lane,https://api.crunchbase.com/v3.1/people/anthony-lane,Anthony,Lane,Male,,,organizations/,organization/,,,,,,https://www.linkedin.com/in/anthony-lane-72306968/,,,,1598873473,1598873473
asif-hamid-mbe,people/asif-hamid-mbe,person/asif-hamid-mbe,https://api.crunchbase.com/v3.1/people/asif-hamid-mbe,Asif,Hamid MBE,Male,,,organizations/,organization/,,,,,,,,,,1598873463,1598873463
jeremy-fish,people/jeremy-fish,person/jeremy-fish,https://api.crunchbase.com/v3.1/people/jeremy-fish,Jeremy,Fish,Male,,,organizations/,organization/,,,,,,,,,,1598873441,1598873441
harry-centella,people/harry-centella,person/harry-centella,https://api.crunchbase.com/v3.1/people/harry-centella,Harry,Centella,Male,,,organizations/,organization/,,,,,,,,,,1598873373,1598873373
eugene-tan,people/eugene-tan,person/eugene-tan,https://api.crunchbase.com/v3.1/people/eugene-tan,Eugene,Tan,Male,,,organizations/,organization/,,http://public.crunchbase.com/t_api_images/radwj4tnhcbucrmq91dm,,,,https://www.linkedin.com/in/eugtan/,Selangor,Selangor,Malaysia,1598873340,1598873340
manish-srivastava,people/manish-srivastava,person/manish-srivastava,https://api.crunchbase.com/v3.1/people/manish-srivastava,Manish,Srivastava,Male,,,organizations/,organization/,,http://public.crunchbase.com/t_api_images/frlblscjkcrfrh2llihv,,,,https://www.linkedin.com/in/manishsrivastava-immigrationexperts/,,,,1598873220,1598873305
david-gagne-e275,people/david-gagne-e275,person/david-gagne-e275,https://api.crunchbase.com/v3.1/people/david-gagne-e275,David,Gagne,Male,,,organizations/,organization/,,,,,,,,,,1598873276,1598873276
nick-wassink,people/nick-wassink,person/nick-wassink,https://api.crunchbase.com/v3.1/people/nick-wassink,Nick,Wassink,Male,,,organizations/,organization/,,,,,,https://www.linkedin.com/in/nickwassink/?trk=public_profile_browsemap_profile-result-card_result-card_full-click&originalSubdomain=uk,,,,1598873236,1598873236
inderbethal-singh-thakral,people/inderbethal-singh-thakral,person/inderbethal-singh-thakral,https://api.crunchbase.com/v3.1/people/inderbethal-singh-thakral,Inderbethal,Singh Thakral,,,,organizations/,organization/,,http://public.crunchbase.com/t_api_images/wcrqkf0loicc2qefq11l,,,,,,,,1598873228,1598873228
jan-hall-9ffe,people/jan-hall-9ffe,person/jan-hall-9ffe,https://api.crunchbase.com/v3.1/people/jan-hall-9ffe,Jan,Hall,Male,,,organizations/,organization/,,,,,,,,,,1598873219,1598873219
daniel-barrientos,people/daniel-barrientos,person/daniel-barrientos,https://api.crunchbase.com/v3.1/people/daniel-barrientos,Daniel,Barrientos,,,,organizations/,organization/,,http://public.crunchbase.com/t_api_images/nlps0lwmdttzqqnkmfia,,,,https://www.linkedin.com/in/daniel-barrientos-12172642/,Madrid,Madrid,Spain,1598873187,1598873187
scott-rector,people/scott-rector,person/scott-rector,https://api.crunchbase.com/v3.1/people/scott-rector,Scott,Rector,Male,,,organizations/,organization/,,,,,,,,,,1598873152,1598873152
sergio-de-lázaro,people/sergio-de-lázaro,person/sergio-de-lázaro,https://api.crunchbase.com/v3.1/people/sergio-de-lázaro,Sergio,De Lázaro,Male,,,organizations/,organization/,,,,,,,,,,1598873136,1598873136
stefan-mirea,people/stefan-mirea,person/stefan-mirea,https://api.crunchbase.com/v3.1/people/stefan-mirea,Stefan,Mirea,Male,,,organizations/,organization/,,http://public.crunchbase.com/t_api_images/sb3e0jbpkpqqree8yrx9,https://pinto.co/,,,https://www.linkedin.com/in/stefanmirea/,New York,New York,United States,1598873038,1598873038
oren-shuster,people/oren-shuster,person/oren-shuster,https://api.crunchbase.com/v3.1/people/oren-shuster,Oren,Shuster,Male,,,organizations/,organization/,,http://public.crunchbase.com/t_api_images/vjtediwwccm8b697lwra,,,,https://www.linkedin.com/in/oren-shuster-691182/,Glil Yam,Tel Aviv,Israel,1598872961,1598872961
patrick-embry-e6c3,people/patrick-embry-e6c3,person/patrick-embry-e6c3,https://api.crunchbase.com/v3.1/people/patrick-embry-e6c3,Patrick,Embry,Male,,,organizations/,organization/,,,,,,https://www.linkedin.com/in/patrick-embry-83179820/,,,,1598872961,1598872961
rafi-gabay,people/rafi-gabay,person/rafi-gabay,https://api.crunchbase.com/v3.1/people/rafi-gabay,Rafi,Gabay,Male,,,organizations/,organization/,,http://public.crunchbase.com/t_api_images/oubzg4zw149tataebups,,,,https://www.linkedin.com/in/rafi-gabay-3835922a/,,,Israel,1598872961,1598872961
mike-keeling,people/mike-keeling,person/mike-keeling,https://api.crunchbase.com/v3.1/people/mike-keeling,Mike,Keeling,Male,,,organizations/,organization/,,,,,,,,,,1598872944,1598872944
hillar-weinberg,people/hillar-weinberg,person/hillar-weinberg,https://api.crunchbase.com/v3.1/people/hillar-weinberg,Hillar,Weinberg,Male,,,organizations/,organization/,,,,,,,,,,1598872944,1598872944
graham-geldenhuys,people/graham-geldenhuys,person/graham-geldenhuys,https://api.crunchbase.com/v3.1/people/graham-geldenhuys,Graham,Geldenhuys,,,,organizations/,organization/,,,,,,https://www.linkedin.com/in/grahamgeldenhuys/,,,,1598872938,1598872938
keith-coursin,people/keith-coursin,person/keith-coursin,https://api.crunchbase.com/v3.1/people/keith-coursin,Keith,Coursin,Male,,,organizations/,organization/,,,,,,https://www.linkedin.com/in/keith-coursin-6b79156/,,,,1598872857,1598872857
frank-zinghini-0c81,people/frank-zinghini-0c81,person/frank-zinghini-0c81,https://api.crunchbase.com/v3.1/people/frank-zinghini-0c81,Frank,Zinghini,Male,,,organizations/,organization/,,http://public.crunchbase.com/t_api_images/j1h4afhqkwlqxzas5vw0,,,,https://www.linkedin.com/in/frankzinghini/,Centerport,New York,United States,1598872770,1598872770
alan-tan-39ac,people/alan-tan-39ac,person/alan-tan-39ac,https://api.crunchbase.com/v3.1/people/alan-tan-39ac,Alan,Tan,Male,,,organizations/,organization/,,,,,,,,,,1598872756,1598872756
michael-brown-a877,people/michael-brown-a877,person/michael-brown-a877,https://api.crunchbase.com/v3.1/people/michael-brown-a877,Michael,Brown,Male,,,organizations/,organization/,,,,,,,,,,1598872312,1598872615
ernesto-cambursano,people/ernesto-cambursano,person/ernesto-cambursano,https://api.crunchbase.com/v3.1/people/ernesto-cambursano,Ernesto,Cambursano,Male,,,organizations/,organization/,,http://public.crunchbase.com/t_api_images/rnfymig0cqrvnjvawcby,,,,,,,,1598872599,1598872599
adalberto-vianna,people/adalberto-vianna,person/adalberto-vianna,https://api.crunchbase.com/v3.1/people/adalberto-vianna,Adalberto,Vianna,Male,,,organizations/,organization/,,,,,,https://www.linkedin.com/in/adalberto-vianna-1398631b/,,,,1598872530,1598872530
ronald-widdows,people/ronald-widdows,person/ronald-widdows,https://api.crunchbase.com/v3.1/people/ronald-widdows,Ronald,Widdows,Male,,,organizations/,organization/,,,,,,,,,,1598872464,1598872464
scott-spiro,people/scott-spiro,person/scott-spiro,https://api.crunchbase.com/v3.1/people/scott-spiro,Scott,Spiro,Male,,,organizations/,organization/,,http://public.crunchbase.com/t_api_images/p4sczyvewakqlhytqbnh,,,,https://www.linkedin.com/in/scottspiro/,Los Angeles,California,United States,1598872442,1598872442
jukka-peltola,people/jukka-peltola,person/jukka-peltola,https://api.crunchbase.com/v3.1/people/jukka-peltola,Jukka,Peltola,Male,,,organizations/,organization/,,,,,,,,,,1598872404,1598872404
marcel-fleuren,people/marcel-fleuren,person/marcel-fleuren,https://api.crunchbase.com/v3.1/people/marcel-fleuren,Marcel,Fleuren,Male,,,organizations/,organization/,,,,,,,,,,1598872240,1598872240
hasan-nawaz,people/hasan-nawaz,person/hasan-nawaz,https://api.crunchbase.com/v3.1/people/hasan-nawaz,Hasan,Nawaz,Male,,,organizations/,organization/,,http://public.crunchbase.com/t_api_images/emuvmvpxyizimvdvm64y,https://www.hubuc.com,,https://twitter.com/MrHasanNawaz,https://www.linkedin.com/in/hasannawaz/,Barcelona,Catalonia,Spain,1562238549,1598872235
thomas-w-perry,people/thomas-w-perry,person/thomas-w-perry,https://api.crunchbase.com/v3.1/people/thomas-w-perry,Thomas,W. Perry,Male,,,organizations/,organization/,,,,,,,,,,1598872185,1598872185
marcus-cuthbert,people/marcus-cuthbert,person/marcus-cuthbert,https://api.crunchbase.com/v3.1/people/marcus-cuthbert,Marcus,Cuthbert,Male,,,organizations/,organization/,,http://public.crunchbase.com/t_api_images/vwlhzjni0izkx6lmronm,,,,https://www.linkedin.com/in/marcuscuthbert/?originalSubdomain=uk,Northampton,Northamptonshire,United Kingdom,1598872165,1598872165
john-webster-5586,people/john-webster-5586,person/john-webster-5586,https://api.crunchbase.com/v3.1/people/john-webster-5586,John,Webster,Male,,,organizations/,organization/,,http://public.crunchbase.com/t_api_images/zzf6eowcsfkk6yorlci0,,,,https://www.linkedin.com/in/john-webster-5919a29/,London,England,United Kingdom,1598872152,1598872152
peter-carmine-picknelly,people/peter-carmine-picknelly,person/peter-carmine-picknelly,https://api.crunchbase.com/v3.1/people/peter-carmine-picknelly,Peter Carmine,Picknelly,Male,,,organizations/,organization/,,,,,,,,,,1598872006,1598872006
benjamin-cohen-cohen,people/benjamin-cohen-cohen,person/benjamin-cohen-cohen,https://api.crunchbase.com/v3.1/people/benjamin-cohen-cohen,Benjamin,Cohen,,,,organizations/,organization/,,,,,,https://www.linkedin.com/in/benjamin-cohen-1792012/?originalSubdomain=fr,Paris,Ile-de-France,France,1598871787,1598871930
lou-dell-ermo,people/lou-dell-ermo,person/lou-dell-ermo,https://api.crunchbase.com/v3.1/people/lou-dell-ermo,Lou,Dell'Ermo,Male,,,organizations/,organization/,,,,,,,,,,1598871894,1598871894
patrick-ward-6582,people/patrick-ward-6582,person/patrick-ward-6582,https://api.crunchbase.com/v3.1/people/patrick-ward-6582,Patrick,Ward,Male,,,organizations/,organization/,,,,,,,,,,1598871829,1598871829
don-garrett,people/don-garrett,person/don-garrett,https://api.crunchbase.com/v3.1/people/don-garrett,Don,Garrett,Male,,,organizations/,organization/,,http://public.crunchbase.com/t_api_images/ii5xkkxegnb8900pjdzd,,,,https://www.linkedin.com/in/garrettdon/,Pittsburgh,Pennsylvania,United States,1598871749,1598871749
bill-peters-a473,people/bill-peters-a473,person/bill-peters-a473,https://api.crunchbase.com/v3.1/people/bill-peters-a473,Bill,Peters,Male,,,organizations/,organization/,,,,,,,,,,1598871749,1598871749
julie-betts,people/julie-betts,person/julie-betts,https://api.crunchbase.com/v3.1/people/julie-betts,Julie,Betts,Female,,,organizations/,organization/,,http://public.crunchbase.com/t_api_images/dqf77v3clm4eb63util4,,,,,San Francisco,California,United States,1598865902,1598865902
nishith-shah-84f7,people/nishith-shah-84f7,person/nishith-shah-84f7,https://api.crunchbase.com/v3.1/people/nishith-shah-84f7,Nishith,Shah,Male,,,organizations/,organization/,,http://public.crunchbase.com/t_api_images/cbvc2fuvat5sbi4l6mlb,,,,https://www.linkedin.com/in/nishithshah5/,,,,1598865902,1598865902
atul-kumar-gupta,people/atul-kumar-gupta,person/atul-kumar-gupta,https://api.crunchbase.com/v3.1/people/atul-kumar-gupta,Atul,Kumar Gupta,Male,,,organizations/,organization/,,,,,,,,,,1598865830,1598865830
louis-weiss,people/louis-weiss,person/louis-weiss,https://api.crunchbase.com/v3.1/people/louis-weiss,Louis,Weiss,Male,,,organizations/,organization/,,,,,,,,,,1598865816,1598865816
rose-weiss,people/rose-weiss,person/rose-weiss,https://api.crunchbase.com/v3.1/people/rose-weiss,Rose,Weiss,Female,,,organizations/,organization/,,,,,,,,,,1598865816,1598865816
dmitry-fomichev,people/dmitry-fomichev,person/dmitry-fomichev,https://api.crunchbase.com/v3.1/people/dmitry-fomichev,Dmitry,Fomichev,Male,"Owner, CEO & Co-Founder",t3leads,organizations/t3leads,organization/t3leads,t3leads,http://public.crunchbase.com/t_api_images/fed1o48jwjultkqzlpnx,,,,https://www.linkedin.com/in/dmitry-fomichev-3984b713/,Greater Los Angeles Area,California,United States,1243241866,1598865760
vicki-tambellini,people/vicki-tambellini,person/vicki-tambellini,https://api.crunchbase.com/v3.1/people/vicki-tambellini,Vicki,Tambellini,Male,,,organizations/,organization/,,http://public.crunchbase.com/t_api_images/g8nrjkbrulxslblfjo3e,,,,https://www.linkedin.com/in/vickitambellini/,Irvington,New York,United States,1598865545,1598865545
rizwan-sheikh,people/rizwan-sheikh,person/rizwan-sheikh,https://api.crunchbase.com/v3.1/people/rizwan-sheikh,Rizwan,Sheikh,Male,,,organizations/,organization/,,http://public.crunchbase.com/t_api_images/nios1xjfx9prmmbjslqq,,,,https://www.linkedin.com/in/rsheikh/,Dallas/Fort Worth Metroplex,Texas,United States,1598865353,1598865353
r-c-nueske,people/r-c-nueske,person/r-c-nueske,https://api.crunchbase.com/v3.1/people/r-c-nueske,R. C.,Nueske,Male,,,organizations/,organization/,,http://public.crunchbase.com/t_api_images/uh6k9d2bdgp9quxx9ooj,,,,,,,,1598865291,1598865291
dave-eggers-31bd,people/dave-eggers-31bd,person/dave-eggers-31bd,https://api.crunchbase.com/v3.1/people/dave-eggers-31bd,Dave,Eggers,Male,,,organizations/,organization/,,,,,,,,,,1598865278,1598865278
yaron-sinai,people/yaron-sinai,person/yaron-sinai,https://api.crunchbase.com/v3.1/people/yaron-sinai,Yaron,Sinai,Male,,,organizations/,organization/,,http://public.crunchbase.com/t_api_images/yr5norfmmxmjfwmv3w1f,,,,https://www.linkedin.com/in/yaron-sinai-48656a9a/,,,,1598865240,1598865240
ganesh-jivani,people/ganesh-jivani,person/ganesh-jivani,https://api.crunchbase.com/v3.1/people/ganesh-jivani,Ganesh,Jivani,Male,,,organizations/,organization/,,,,,,https://www.linkedin.com/in/ganesh-jivani/?originalSubdomain=in,Vadodara,Gujarat,India,1598865197,1598865197
alexander-kochetkov,people/alexander-kochetkov,person/alexander-kochetkov,https://api.crunchbase.com/v3.1/people/alexander-kochetkov,Alexander,Kochetkov,Male,,,organizations/,organization/,,http://public.crunchbase.com/t_api_images/idhhemjrro18sdobt60c,,,,,Vilnius,Vilniaus Apskritis,Lithuania,1598864247,1598865171
oleksiy-imas,people/oleksiy-imas,person/oleksiy-imas,https://api.crunchbase.com/v3.1/people/oleksiy-imas,Oleksiy,Imas,Male,,,organizations/,organization/,,http://public.crunchbase.com/t_api_images/ctuthlzgwezckptu0vat,https://www.ey.com/uk_ua,https://www.facebook.com/oleksiy.imas,,https://www.linkedin.com/in/oleksiyimas/,Kyiv,Kyyiv,Ukraine,1598865034,1598865034
olivier-botz,people/olivier-botz,person/olivier-botz,https://api.crunchbase.com/v3.1/people/olivier-botz,Olivier,Botz,Male,,,organizations/,organization/,,,,,,,,,,1598865005,1598865005
thomas-pannek,people/thomas-pannek,person/thomas-pannek,https://api.crunchbase.com/v3.1/people/thomas-pannek,Thomas,Pannek,Male,Founder & CTO (Chief Technology Officer),elasticbrains,organizations/elasticbrains,organization/elasticbrains,Elasticbrains GmbH,http://public.crunchbase.com/t_api_images/v1506430911/mgoc328hrksd4c8dvdxq.jpg,,,,https://www.linkedin.com/in/thomas-pannek-28705910/?originalSubdomain=de,Munich,Bayern,Germany,1429519173,1598864979
kenneth-haber-e134,people/kenneth-haber-e134,person/kenneth-haber-e134,https://api.crunchbase.com/v3.1/people/kenneth-haber-e134,Kenneth,Haber,Male,,,organizations/,organization/,,,,,,,,,,1598864958,1598864958
werner-moders,people/werner-moders,person/werner-moders,https://api.crunchbase.com/v3.1/people/werner-moders,Werner,Moders,Male,,,organizations/,organization/,,,,,,,,,,1598864958,1598864958
xavier-bougot,people/xavier-bougot,person/xavier-bougot,https://api.crunchbase.com/v3.1/people/xavier-bougot,Xavier,Bougot,Male,,,organizations/,organization/,,,,,,https://www.linkedin.com/in/fmxsolutions/,,,,1598864755,1598864755
simon-grover-e09a,people/simon-grover-e09a,person/simon-grover-e09a,https://api.crunchbase.com/v3.1/people/simon-grover-e09a,Simon,Grover,Male,,,organizations/,organization/,,http://public.crunchbase.com/t_api_images/yjwujwmozbaikjilgr37,,,,https://www.linkedin.com/in/simon-grover-83730713/?originalSubdomain=au,Sydney,New South Wales,Australia,1598864610,1598864610
brent-mclaws,people/brent-mclaws,person/brent-mclaws,https://api.crunchbase.com/v3.1/people/brent-mclaws,Brent,McLaws,Male,,,organizations/,organization/,,http://public.crunchbase.com/t_api_images/ooznoijtjboudnsdjkd8,,,,https://www.linkedin.com/in/brent-mclaws-728a4a14/,,,,1598864340,1598864340
florian-schwandt,people/florian-schwandt,person/florian-schwandt,https://api.crunchbase.com/v3.1/people/florian-schwandt,Florian,Schwandt,Male,,,organizations/,organization/,,http://public.crunchbase.com/t_api_images/arbvq2qzpcjsq1c3ktky,,,,,,,,1598864271,1598864271
gaurav-khanna-26f0,people/gaurav-khanna-26f0,person/gaurav-khanna-26f0,https://api.crunchbase.com/v3.1/people/gaurav-khanna-26f0,Gaurav,Khanna,Male,,,organizations/,organization/,,,,,,https://www.linkedin.com/in/gaurav-khanna-3aa27299/?originalSubdomain=in,,Uttar Pradesh,India,1598864253,1598864253
avi-cohen-7,people/avi-cohen-7,person/avi-cohen-7,https://api.crunchbase.com/v3.1/people/avi-cohen-7,Avi,Cohen,Male,CEO & Founder,pacific54,organizations/pacific54,organization/pacific54,Pacific54,http://public.crunchbase.com/t_api_images/v1463432493/iqbddjsbdbetqbzbwvrr.jpg,,,,https://www.linkedin.com/in/avicohen54/,,,,1463432556,1598864042
sergii-bortnikov,people/sergii-bortnikov,person/sergii-bortnikov,https://api.crunchbase.com/v3.1/people/sergii-bortnikov,Sergii,Bortnikov,Male,,,organizations/,organization/,,http://public.crunchbase.com/t_api_images/s8hbrsgizi8wmmoq7piz,,https://www.facebook.com/sergii.bortnikov,,https://www.linkedin.com/in/sergii-bortnikov-7695b254/,Kyiv,Kyyiv,Ukraine,1598863298,1598863991
yuriy-kudin,people/yuriy-kudin,person/yuriy-kudin,https://api.crunchbase.com/v3.1/people/yuriy-kudin,Yuriy,Kudin,Male,,,organizations/,organization/,,http://public.crunchbase.com/t_api_images/udrujkrpkhyz1l1y7apa,,https://www.facebook.com/yuriy.kudin.3,,https://www.linkedin.com/in/yuriy-kudin-5408223/,Kyiv,Kyyiv,Ukraine,1598863170,1598863991
oleksii-kharchenko,people/oleksii-kharchenko,person/oleksii-kharchenko,https://api.crunchbase.com/v3.1/people/oleksii-kharchenko,Oleksii,Kharchenko,Male,,,organizations/,organization/,,http://public.crunchbase.com/t_api_images/aulkmnd36razfqbfjjdx,,https://www.facebook.com/AyKharchenko,,https://www.linkedin.com/in/aykharchenko/,Kyiv,Kyyiv,Ukraine,1598862849,1598863991
dmitry-omelechko,people/dmitry-omelechko,person/dmitry-omelechko,https://api.crunchbase.com/v3.1/people/dmitry-omelechko,Dmitry,Omelechko,Male,,,organizations/,organization/,,http://public.crunchbase.com/t_api_images/pn3bvrs8sqgfshw3zof4,,https://www.facebook.com/dima.omelechko,,https://www.linkedin.com/in/dmitry-omelechko-27758022/,Kyiv,Kyyiv,Ukraine,1598862998,1598863991
karl-hennecke,people/karl-hennecke,person/karl-hennecke,https://api.crunchbase.com/v3.1/people/karl-hennecke,Karl,Hennecke,Male,,,organizations/,organization/,,,,,,,,,,1598863940,1598863940
jamie-macfarlane,people/jamie-macfarlane,person/jamie-macfarlane,https://api.crunchbase.com/v3.1/people/jamie-macfarlane,Jamie,Macfarlane,,,,organizations/,organization/,,,,,https://twitter.com/MacfarlaneJamie,https://www.linkedin.com/in/jamiemacfarlane/,,,,1598863923,1598863923
andy-hart-ace7,people/andy-hart-ace7,person/andy-hart-ace7,https://api.crunchbase.com/v3.1/people/andy-hart-ace7,Andy,Hart,Male,,,organizations/,organization/,,,,,,,,,,1598863842,1598863842
maria-hahn,people/maria-hahn,person/maria-hahn,https://api.crunchbase.com/v3.1/people/maria-hahn,Maria,Hahn,Female,,,organizations/,organization/,,http://public.crunchbase.com/t_api_images/psod5ik6yrv5wu5aboey,https://nutrix.tech/,,,https://www.linkedin.com/in/mariahahn/,,,Switzerland,1598863657,1598863810
betty-arnold,people/betty-arnold,person/betty-arnold,https://api.crunchbase.com/v3.1/people/betty-arnold,Betty,Arnold,Male,,,organizations/,organization/,,,,,,,,,,1598863761,1598863761
bill-arnold-6cb1,people/bill-arnold-6cb1,person/bill-arnold-6cb1,https://api.crunchbase.com/v3.1/people/bill-arnold-6cb1,Bill,Arnold,Male,,,organizations/,organization/,,,,,,,,,,1598863761,1598863761
dan-einzig,people/dan-einzig,person/dan-einzig,https://api.crunchbase.com/v3.1/people/dan-einzig,Dan,Einzig,Male,,,organizations/,organization/,,,,,,https://www.linkedin.com/in/dan-einzig-10627a/,,,,1598863634,1598863634
alan-kurose,people/alan-kurose,person/alan-kurose,https://api.crunchbase.com/v3.1/people/alan-kurose,Alan,Kurose,Male,,,organizations/,organization/,,http://public.crunchbase.com/t_api_images/hslwd3pfbc8xhylzws2g,,,,,,,,1598863482,1598863482
radek-czyrko,people/radek-czyrko,person/radek-czyrko,https://api.crunchbase.com/v3.1/people/radek-czyrko,Radosław,Czyrko,Male,,,organizations/,organization/,,http://public.crunchbase.com/t_api_images/znwb0qaedt4v5zoptrp3,https://thcpathfinder.com/,,,http://www.linkedin.com/in/radoslawczyrko,Warsaw,Mazowieckie,Poland,1217473887,1598863454
sander-de-bree,people/sander-de-bree,person/sander-de-bree,https://api.crunchbase.com/v3.1/people/sander-de-bree,Sander,de Bree,Male,,,organizations/,organization/,,http://public.crunchbase.com/t_api_images/hoehu3ukjoh9vzrolpxn,,,,https://www.linkedin.com/in/sanderdebree/,,,,1598863117,1598863117
saurabh-satija,people/saurabh-satija,person/saurabh-satija,https://api.crunchbase.com/v3.1/people/saurabh-satija,Saurabh,Satija,Male,,,organizations/,organization/,,http://public.crunchbase.com/t_api_images/miu7waatvinxtwh8clox,https://www.cureassist.co,,https://twitter.com/saurabhsatija,https://www.linkedin.com/in/saurabhatija,Tallinn,Harjumaa,Estonia,1476534759,1598862815
mohit-chobey,people/mohit-chobey,person/mohit-chobey,https://api.crunchbase.com/v3.1/people/mohit-chobey,Mohit,Chobey,Male,,,organizations/,organization/,,http://public.crunchbase.com/t_api_images/nienb0vbe3zy3yohpqw6,,,,https://www.linkedin.com/in/mohitchobey/,,,,1598862706,1598862706
liran-roffman,people/liran-roffman,person/liran-roffman,https://api.crunchbase.com/v3.1/people/liran-roffman,Liran,Roffman,Male,,,organizations/,organization/,,,,,,https://www.linkedin.com/in/liran-roffman-9b392662/,,,,1598862524,1598862524
or-shoshani,people/or-shoshani,person/or-shoshani,https://api.crunchbase.com/v3.1/people/or-shoshani,Or,Shoshani,Male,,,organizations/,organization/,,,,,,https://www.linkedin.com/in/or-shoshani/,,,,1598862461,1598862461
stav-sitnikov,people/stav-sitnikov,person/stav-sitnikov,https://api.crunchbase.com/v3.1/people/stav-sitnikov,Stav,Sitnikov,Male,,,organizations/,organization/,,http://public.crunchbase.com/t_api_images/v1469739638/n9mtem33iyy1evtx9kuc.png,,,,,,,,1469739650,1598861815
ross-murray-jones,people/ross-murray-jones,person/ross-murray-jones,https://api.crunchbase.com/v3.1/people/ross-murray-jones,Ross,Murray-Jones,Male,,,organizations/,organization/,,http://public.crunchbase.com/t_api_images/g2bdjk5xxtaf5o51wusw,https://grit.capital/,,https://twitter.com/rossmurrayjones,https://www.linkedin.com/in/rossmurrayjones/,London,England,United Kingdom,1498230134,1598861305
david-schaible,people/david-schaible,person/david-schaible,https://api.crunchbase.com/v3.1/people/david-schaible,David,Schaible,Male,,,organizations/,organization/,,,,,,,,,,1598861170,1598861170
gaurav-jain-1aad,people/gaurav-jain-1aad,person/gaurav-jain-1aad,https://api.crunchbase.com/v3.1/people/gaurav-jain-1aad,Gaurav,Jain,Male,,,organizations/,organization/,,http://public.crunchbase.com/t_api_images/za7smtriorsk8ukc6ved,,,,https://www.linkedin.com/in/gauraviitr/,,,,1598860556,1598860556
hussan-ahmad-ks,people/hussan-ahmad-ks,person/hussan-ahmad-ks,https://api.crunchbase.com/v3.1/people/hussan-ahmad-ks,Hussan,Ahmad Ks,Male,,,organizations/,organization/,,http://public.crunchbase.com/t_api_images/zjutxnb51t3svhh912m4,https://hussanahmadkhan.blogspot.com,https://www.facebook.com/hussanahmadks,https://www.twitter.com/hussanahmadks,https://www.linkedin.com/in/hussanahmadks,Narowal,Punjab,Pakistan,1598860457,1598860457
gaurav-jain-5,people/gaurav-jain-5,person/gaurav-jain-5,https://api.crunchbase.com/v3.1/people/gaurav-jain-5,Gaurav,Jain,Male,,,organizations/,organization/,,http://public.crunchbase.com/t_api_images/vucr0pxtlhwppyd8lxwb,,,,https://www.linkedin.com/in/gauraviitr,,,,1468325331,1598860182
woody-hertzog,people/woody-hertzog,person/woody-hertzog,https://api.crunchbase.com/v3.1/people/woody-hertzog,Woody,Hertzog,Male,,,organizations/,organization/,,,https://www.wormwoodseo.com/,,,,,,,1598859880,1598859880
iretimipo-kukoyi,people/iretimipo-kukoyi,person/iretimipo-kukoyi,https://api.crunchbase.com/v3.1/people/iretimipo-kukoyi,Iretimipo,Kukoyi,Male,,,organizations/,organization/,,,,,,,,,,1598859716,1598859716
